Customer,Amount
Alice,100
Bob,100
Alice,100
Bob,40
Charlie,100
Diana,250
Diana,150
Eve,300
Frank,80
Frank,120
Frank,200
Ryan Davis,150
Elizabeth Martin,80
Elizabeth Martin,500
David Turner,50
David Turner,50
David Turner,80
David Turner,120
Barbara Nelson,50
Barbara Nelson,500
Barbara Nelson,120
Barbara Nelson,500
Barbara Nelson,250
Barbara Scott,150
Barbara Scott,50
Barbara Scott,100
Barbara Scott,250
Barbara Scott,200
Jessica Anderson,200
Jessica Anderson,80
David Allen,200
Laura Walker,150
Laura Walker,50
Laura Walker,300
Laura Walker,500
Laura Walker,80
Angela Allen,500
Sarah Parker,200
Sarah Parker,120
Sarah Parker,80
Sarah Parker,50
Sarah Parker,120
Gary Harris,120
Sarah Miller,150
Sarah Miller,300
Sarah Miller,200
Sarah Miller,100
Mark Walker,150
Mark Walker,80
Emily Parker,500
Emily Parker,120
Mary Green,150
Mary Green,500
Mary Green,120
Mary Green,200
Michelle Cook,120
Sharon Williams,250
Sharon Williams,150
Sharon Williams,80
Linda Roberts,120
Linda Roberts,300
Linda Roberts,250
Cynthia Evans,100
Cynthia Evans,150
Cynthia Evans,100
Cynthia Evans,120
Jason Perez,150
Jason Perez,250
Jason Perez,250
Jason Perez,200
Jason Perez,120
Thomas Nelson,80
Thomas Nelson,50
Thomas Nelson,80
Thomas Nelson,100
Ryan Taylor,80
Ryan Taylor,250
Ryan Taylor,250
Ryan Taylor,300
Margaret Thompson,50
Margaret Thompson,80
Margaret Thompson,500
Margaret Thompson,150
Margaret Thompson,200
Joseph Harris,100
Joseph Harris,300
Joseph Harris,50
Joseph Harris,150
Betty Reed,500
Betty Reed,80
Karen Parker,120
Karen Parker,100
Karen Parker,200
Karen Parker,100
Karen Parker,500
Gary Carter,200
Lisa Johnson,200
Cynthia Clark,50
Cynthia Clark,120
Cynthia Roberts,80
Edward Adams,500
Gary Wilson,300
Gary Wilson,500
Mary Thompson,250
Mary Thompson,120
Mary Thompson,500
Mary Thompson,120
Mary Thompson,150
Steven Edwards,300
Steven Edwards,500
Steven Edwards,300
Joseph Lee,80
Joseph Lee,200
John Turner,120
John Turner,120
John Turner,50
John Turner,80
John Turner,50
Barbara Jones,200
William Nelson,150
William Nelson,300
Linda Mitchell,300
Linda Mitchell,120
Carol Baker,120
Carol Baker,80
Carol Baker,80
Carol Baker,250
Anthony Wright,300
Anthony Wright,50
Anthony Wright,80
Anthony Wright,50
Steven Morris,80
Steven Morris,120
Steven Morris,120
Jennifer Mitchell,100
Jennifer Mitchell,250
Jennifer Mitchell,100
Jennifer Mitchell,150
Kenneth Lee,300
Ruth Perez,50
Kevin Mitchell,80
Angela Reed,100
Angela Reed,250
Lisa Baker,250
Lisa Baker,50
Mary Allen,250
Susan Green,250
Susan Green,500
Susan Green,300
Charles Moore,120
Charles Moore,50
Charles Moore,500
Michael Rogers,50
Michael Rogers,50
Michael Rogers,300
Betty Carter,50
Betty Carter,500
David Thomas,80
George Lee,80
George Lee,120
George Lee,50
George Lee,80
Paul Edwards,500
Paul Edwards,200
Paul Edwards,150
Paul Edwards,120
Paul Edwards,200
Elizabeth Thompson,100
Elizabeth Thompson,150
Elizabeth Thompson,300
Elizabeth Thompson,200
Angela Jones,300
Donna Roberts,80
Sandra Jackson,150
Sandra Jackson,100
Sandra Jackson,200
Sandra Jackson,80
Sandra Jackson,120
Mark Harris,300
Mark Harris,500
Ronald Clark,500
Ronald Clark,50
Ronald Clark,500
Ronald Clark,150
Ronald Clark,80
Cynthia Wilson,80
Cynthia Wilson,80
Cynthia Wilson,500
Charles White,120
Charles White,200
Charles White,120
George Parker,500
George Parker,300
George Parker,150
Deborah Brown,250
Michelle White,50
Matthew Cook,150
Matthew Cook,100
Jason Scott,250
Jason Scott,500
Jason Scott,50
Jason Scott,80
Jason Scott,80
Cynthia Stewart,500
Cynthia Stewart,50
Michelle Hall,500
Michelle Hall,100
Michelle Hall,250
Michelle Hall,100
Michelle Hall,50
Karen Hall,200
Linda Collins,80
Linda Collins,200
Gary Perez,100
Gary Perez,120
Gary Perez,100
Gary Perez,100
Cynthia King,100
Jason Robinson,120
Jason Robinson,150
Jason Robinson,100
Jason Robinson,80
Donald Williams,120
Donald Williams,120
Donald Williams,300
Donald Williams,200
Karen Martin,50
Karen Martin,120
Steven Robinson,80
Steven Robinson,150
Steven Robinson,200
Kevin Nelson,500
Kevin Nelson,200
Kevin Nelson,50
Kevin Nelson,80
Cynthia Thompson,150
Cynthia Thompson,50
Richard Phillips,200
Richard Phillips,200
Richard Phillips,250
Richard Phillips,500
Joseph Allen,120
Joseph Allen,150
Joseph Allen,50
Joseph Allen,250
Joseph Allen,50
Margaret Mitchell,200
Margaret Mitchell,250
William Edwards,200
William Edwards,80
William Edwards,150
Betty Clark,200
Betty Clark,250
Betty Clark,150
Betty Clark,500
Thomas Moore,250
Thomas Moore,100
Thomas Moore,150
Thomas Moore,250
Ashley Smith,150
Ashley Smith,120
Ashley Smith,250
Carol Turner,200
Carol Turner,300
Carol Turner,300
Carol Turner,300
Carol Turner,120
Betty Baker,80
Betty Baker,150
Betty Edwards,200
Betty Edwards,80
Betty Edwards,120
Betty Edwards,150
Betty Edwards,120
Ruth Moore,50
Ruth Moore,50
Elizabeth Baker,80
Elizabeth Baker,300
Elizabeth Baker,250
Elizabeth Baker,120
Elizabeth Baker,250
Lisa Young,100
Lisa Young,50
Deborah Reed,250
Barbara Thomas,300
Barbara Thomas,50
Barbara Thomas,500
Barbara Thomas,120
Barbara Thomas,80
Kenneth Wilson,500
Kenneth Wilson,500
Kenneth Wilson,200
Kenneth Wilson,300
Donna Morris,250
Donna Morris,500
Donna Morris,300
Donna Morris,100
Donna Morris,300
Joshua Thompson,150
Joshua Thompson,500
Lisa Parker,150
Lisa Parker,300
William Sanchez,120
William Sanchez,150
William Sanchez,200
Daniel Mitchell,100
Charles Martin,100
Charles Martin,120
Charles Martin,80
Charles Martin,250
Paul Robinson,300
Paul Robinson,250
Paul Robinson,50
Paul Robinson,120
Paul Robinson,250
Donald Cook,50
Donald Cook,250
Donald Cook,300
Donald Cook,50
Donald Cook,200
Karen Reed,250
Karen Reed,500
Karen Reed,500
Karen Reed,120
Lisa Martin,250
Lisa Martin,300
Lisa Martin,50
Donald Robinson,100
Donald Robinson,300
Donald Robinson,100
Donald Robinson,500
John Young,50
John Young,80
John Young,250
John Young,100
John Young,300
Patricia Brown,250
Patricia Brown,200
Patricia Brown,120
Kenneth Lewis,250
Kenneth Lewis,150
Kenneth Lewis,250
Susan Garcia,50
Susan Garcia,500
Susan Garcia,50
Susan Garcia,200
Barbara Evans,50
Jeffrey Johnson,120
Jeffrey Johnson,50
Donna Anderson,100
Donna Anderson,300
Brian Davis,120
Brian Davis,300
Brian Davis,150
Brian Davis,200
Brian Davis,100
Emily Phillips,100
Karen Miller,50
Karen Miller,150
Karen Miller,250
Karen Miller,250
Karen Miller,120
William Turner,80
William Turner,150
Laura Collins,80
Laura Collins,50
Laura Collins,200
Laura Collins,500
Laura Collins,250
Brian Hall,500
Kevin Robinson,250
Sharon Adams,250
Mark Parker,100
Mark Parker,250
Mark Parker,100
Mark Parker,500
Kevin White,500
Kevin White,300
Kevin White,300
Kevin White,250
Kevin White,150
Daniel Lee,150
Cynthia Scott,300
Cynthia Scott,250
Matthew Johnson,200
Matthew Johnson,100
Matthew Johnson,300
Matthew Johnson,120
Anthony Thompson,150
Anthony Thompson,150
Anthony Thompson,500
James Carter,80
James Carter,120
Edward King,500
Edward King,120
Edward King,300
Edward King,300
Joshua Johnson,150
Barbara Young,150
Barbara Young,200
Nancy Perez,200
Nancy Perez,250
Nancy Perez,500
Nancy Perez,200
Nancy Perez,200
Timothy Green,150
Timothy Green,150
Timothy Green,120
Joseph Morris,200
Joseph Morris,80
Jason Mitchell,120
Jason Mitchell,120
Jason Baker,500
Jason Baker,150
Jason Baker,80
Michelle Moore,120
Michelle Moore,200
Michelle Moore,100
Karen Smith,100
Karen Smith,150
Karen Smith,50
Karen Smith,50
Karen Smith,500
Sarah Stewart,300
Sarah Stewart,80
Sarah Smith,150
Sarah Smith,300
Sarah Smith,300
Sarah Smith,300
Sarah Smith,200
Susan Baker,80
Steven Adams,50
Charles Anderson,150
Charles Anderson,80
Charles Anderson,120
Charles Anderson,80
Charles Anderson,500
Jeffrey King,120
Jeffrey King,500
Jeffrey King,250
Jeffrey King,300
Jeffrey King,300
Karen Turner,150
Karen Turner,50
Karen Turner,80
Karen Turner,120
Ryan Jackson,80
Ryan Jackson,100
Ryan Jackson,120
Patricia Perez,100
James King,300
James King,150
James King,50
James King,120
Sarah Sanchez,300
Sarah Sanchez,80
Sarah Sanchez,120
Angela Thompson,120
Angela Thompson,250
Angela Thompson,80
Angela Thompson,500
Angela Thompson,120
Kevin Anderson,100
Kevin Anderson,80
Kevin Anderson,50
Mary Clark,150
Mary Clark,300
Mary Clark,80
Mary Clark,300
Mary Clark,150
Timothy Young,500
Timothy Young,500
Timothy Young,300
Joshua Garcia,50
Joshua Garcia,250
Joshua Garcia,200
Joshua Garcia,150
Joshua Garcia,50
David Martin,50
David Martin,150
David Martin,50
David Martin,100
David Martin,300
Margaret Evans,150
Margaret Evans,100
Margaret Evans,250
Margaret Evans,300
David Baker,250
David Baker,200
David Baker,200
Brian Miller,200
Brian Miller,250
Timothy Adams,250
Timothy Adams,500
Timothy Adams,50
Kenneth Garcia,150
Kenneth Garcia,200
Kenneth Garcia,80
Gary Young,50
Gary Young,500
Gary Young,300
Gary Young,250
Gary Young,50
Jennifer Carter,300
Jennifer Carter,300
Jennifer Carter,50
Linda White,100
Linda White,150
Linda White,300
Linda White,300
Linda White,80
John Parker,120
John Parker,100
John Parker,150
John Parker,500
John Parker,50
Ashley King,120
Michelle Davis,80
Michelle Davis,100
Michelle Davis,300
Michelle Davis,150
Betty Sanchez,250
Betty Sanchez,300
Betty Sanchez,300
Elizabeth Green,100
Elizabeth Green,250
Elizabeth Green,120
Elizabeth Green,500
Elizabeth Green,100
Sarah Jones,250
Sarah Jones,200
Sarah Jones,500
Jessica Smith,150
Jessica Smith,300
Jessica Smith,100
Joshua Mitchell,200
Joshua Mitchell,200
Joshua Mitchell,500
Joshua Mitchell,500
Donald Green,120
Donald Green,120
Donald Green,250
Barbara Cook,50
Barbara Cook,200
Barbara Cook,300
Barbara Cook,250
Donald Edwards,300
Donald Edwards,50
Kimberly Robinson,300
Richard Carter,50
Richard Carter,100
Richard Carter,250
Richard Carter,100
William Baker,200
William Baker,250
William Baker,80
Laura Robinson,250
Laura Robinson,200
Laura Robinson,300
Laura Robinson,500
Laura Robinson,50
Donna Jones,150
Donna Jones,120
Jason Garcia,80
Jason Garcia,80
Jason Garcia,300
Jason Garcia,100
Timothy Clark,50
Daniel Brown,200
Daniel Brown,200
Daniel Brown,250
Charles Lee,250
Charles Lee,100
Charles Lee,100
Charles Lee,100
Charles Lee,80
Donna Allen,120
Donna Allen,300
Donna Allen,100
Donna Allen,120
Donna Allen,300
Ryan Thompson,150
Ryan Thompson,50
Ryan Thompson,300
Ryan Thompson,150
George Mitchell,80
George Mitchell,300
Anthony Turner,250
Anthony Turner,150
Anthony Turner,300
Laura Clark,250
Laura Clark,300
Richard Lee,200
Richard Lee,150
Richard Lee,150
Richard Lee,50
Michelle Edwards,150
Michelle Edwards,50
Michelle Edwards,50
Michelle Edwards,300
Michelle Harris,200
Michelle Harris,120
Ryan Moore,150
Ryan Moore,100
Ryan Moore,80
Ryan Moore,50
Ryan Moore,150
Carol Scott,200
Edward Wilson,150
Daniel Rogers,100
Daniel Rogers,120
Daniel Rogers,100
Daniel Rogers,500
Cynthia Hall,500
Cynthia Hall,150
Cynthia Hall,100
Cynthia Hall,150
Cynthia Hall,300
Ruth Harris,80
Ruth Harris,300
Ruth Harris,80
Charles Reed,250
Charles Reed,500
Mark Garcia,50
Mark Garcia,150
Mark Garcia,500
Mark Garcia,80
Kenneth Hall,250
Kenneth Hall,200
Kenneth Hall,80
George Martin,50
George Martin,500
George Martin,200
George Martin,120
Kevin Jones,150
Kevin Jones,250
Kevin Jones,80
Kevin Jones,100
Robert Williams,300
Robert Williams,80
Robert Williams,80
Elizabeth Mitchell,250
Elizabeth Mitchell,300
Mark Edwards,250
Mark Edwards,100
Mark Edwards,250
Mark Edwards,80
Mark Edwards,300
Donna King,50
Donna King,200
Donna King,120
Joshua Scott,200
Joshua Scott,80
George Hall,200
George Hall,50
George Hall,250
George Hall,150
George Hall,120
Joseph Green,120
Kevin Parker,50
Kevin Parker,50
Kevin Parker,200
Kevin Parker,120
Kevin Parker,100
Carol Roberts,80
Carol Roberts,500
Linda Turner,120
Linda Turner,200
Gary Anderson,50
Gary Anderson,150
Gary Anderson,100
Gary Anderson,100
Gary Anderson,500
Susan Thomas,50
Thomas Smith,120
Thomas Smith,200
Thomas Smith,50
Patricia Thompson,100
Jason King,80
Jason King,80
Jason King,300
Jason King,300
Jason King,200
Betty Turner,300
Betty Martin,50
Betty Martin,500
Betty Martin,150
Betty Martin,300
Betty Martin,50
Michael Baker,250
Michael Baker,80
Michael Baker,300
Michael Baker,300
William Garcia,100
William Garcia,80
William Garcia,100
Jessica Campbell,500
Jessica Campbell,200
Jessica Campbell,250
Jessica Campbell,500
Jessica Campbell,150
Kenneth Nelson,250
Kenneth Nelson,80
Kenneth Nelson,80
Kenneth Nelson,500
Kenneth Nelson,120
Andrew Scott,250
Andrew Scott,200
Sharon Green,250
Sharon Green,80
Sharon Green,200
Sharon Green,250
Daniel Edwards,200
Daniel Edwards,100
Daniel Edwards,300
Michelle Garcia,250
Richard Rogers,100
Richard Rogers,500
Richard Rogers,50
Kimberly Perez,200
Kimberly Perez,80
Kimberly Perez,250
Kimberly Perez,200
Kimberly Perez,250
Sarah Morris,150
Emily Clark,80
Emily Clark,500
Emily Clark,120
Charles Edwards,120
Charles Edwards,80
Charles Edwards,200
Charles Edwards,500
Mark Davis,120
Mark Davis,250
Mark Davis,500
Gary Campbell,500
Gary Campbell,50
Gary Campbell,150
Gary Campbell,50
Gary Campbell,100
Jessica Stewart,200
Jessica Stewart,200
Jessica Stewart,50
Patricia Anderson,250
Patricia Anderson,80
Patricia Anderson,100
Patricia Anderson,50
Patricia Anderson,80
Jason Carter,250
Jason Carter,250
Kenneth Robinson,200
Kenneth Robinson,150
Edward Lewis,80
Edward Lewis,50
Edward Lewis,100
Edward Lewis,100
Edward Lewis,50
George Garcia,300
George Garcia,250
George Garcia,300
Emily Scott,150
Emily Scott,120
Emily Scott,500
Emily Scott,80
George Collins,300
George Collins,500
George Collins,150
George Collins,50
George Collins,120
Steven Phillips,50
Linda Clark,100
Linda Clark,150
Sarah Lewis,50
Lisa Rogers,100
Lisa Rogers,100
Lisa Rogers,250
Lisa Rogers,500
Ronald Martin,500
Ronald Martin,200
Ronald Martin,80
Ronald Martin,250
Ronald Martin,50
Andrew Johnson,80
Andrew Johnson,200
Andrew Johnson,250
Andrew Johnson,250
Ronald Parker,150
Ronald Parker,80
Ronald Parker,250
Ronald Parker,50
Daniel Taylor,300
Daniel Taylor,200
Daniel Taylor,80
Daniel Taylor,250
Daniel Taylor,80
Elizabeth Wright,250
Elizabeth Wright,500
Elizabeth Wright,80
Elizabeth Wright,250
Elizabeth Wright,150
Barbara Robinson,80
Barbara Robinson,500
Margaret Nelson,200
Margaret Nelson,200
Edward Evans,120
Edward Evans,80
Charles Thompson,100
Charles Thompson,100
Jeffrey Reed,100
Gary Parker,300
Gary Parker,300
Gary Parker,200
Gary Parker,200
Charles Scott,300
Joshua Parker,150
Joshua Parker,50
Joshua Parker,200
Betty Jones,300
Betty Jones,300
Betty Jones,50
Michael Hall,80
Michael Hall,80
Michael Hall,500
Carol Rogers,300
Amy Roberts,200
Amy Roberts,300
Betty Anderson,300
Richard Robinson,500
Kevin Thomas,120
Ronald Scott,500
Ronald Scott,500
Ronald Scott,100
Ronald Scott,200
Donald King,50
Donald King,200
Donald King,80
Matthew Miller,250
Matthew Miller,150
Matthew Miller,150
Matthew Miller,100
Matthew Miller,200
Brian Anderson,150
Brian Anderson,250
Brian Anderson,100
Emily Sanchez,150
Ashley Allen,100
Ashley Allen,500
Ashley Allen,80
Kevin Edwards,500
Kevin Edwards,200
Kevin Edwards,50
Kevin Edwards,200
Karen Thomas,200
Karen Thomas,300
Jennifer Martin,100
Jennifer Martin,80
Betty Cook,500
Betty Cook,50
Betty Cook,200
Betty Cook,100
Betty Cook,250
Charles Taylor,100
Charles Taylor,300
Robert King,120
Robert King,300
Robert King,150
Jeffrey Rogers,120
Jeffrey Rogers,500
Jeffrey Rogers,120
Jeffrey Rogers,150
Ruth Baker,200
Ruth Baker,300
Kenneth Cook,250
Kenneth Cook,500
Kenneth Cook,500
Paul Taylor,100
Paul Taylor,150
Michael Evans,200
Michael Evans,500
Michael Evans,80
Michael Evans,500
Laura Davis,80
Laura Davis,100
Laura Davis,150
Joshua Nelson,250
Joshua Nelson,80
Amy Martin,200
Amy Martin,50
Amy Martin,250
Amy Martin,50
Steven Nelson,120
Steven Nelson,250
Steven Nelson,80
Mark Martin,200
Angela Miller,100
Angela Miller,100
Angela Miller,50
Sarah Baker,300
Sarah Baker,300
Donna Smith,50
Susan Jackson,500
Susan Jackson,500
Andrew Davis,120
Andrew Davis,150
Andrew Davis,80
Michael Lee,300
Michael Lee,80
Michael Lee,80
Michael Lee,300
Emily Mitchell,500
Dorothy Lee,150
Dorothy Lee,250
James Campbell,120
James Campbell,250
James Campbell,100
Brian Edwards,500
Mark Jones,500
Mark Jones,500
Mark Jones,500
Mark Jones,500
Mark Jones,50
Donald Baker,250
Mark Thompson,200
Carol Jones,120
Carol Jones,80
Carol Jones,200
Thomas Williams,500
Thomas Williams,200
Thomas Williams,100
George Green,100
George Green,100
George Green,80
George Green,300
Robert Harris,50
Robert Harris,120
Cynthia Williams,150
Cynthia Williams,500
Cynthia Williams,250
Sharon Mitchell,150
Sharon Mitchell,50
Sharon Mitchell,120
Sharon Mitchell,150
Anthony Cook,200
Jessica Davis,250
Jessica Davis,250
Jessica Davis,300
Deborah Allen,100
Deborah Allen,300
Deborah Allen,300
Mark Carter,80
Mark Carter,250
Mark Carter,80
Andrew Phillips,500
Andrew Phillips,150
Daniel Miller,200
Brian Harris,300
Brian Harris,250
Brian Harris,100
Timothy Scott,300
Timothy Scott,50
Timothy Scott,200
Donna Wright,50
Donna Wright,80
Donna Wright,250
Mark Nelson,50
Mark Nelson,100
Laura Phillips,50
Laura Phillips,100
Laura Phillips,80
Laura Phillips,120
Gary Evans,200
Gary Evans,250
Gary Evans,50
Emily Anderson,200
Emily Anderson,200
Emily Anderson,300
Emily Anderson,80
Dorothy Wilson,200
Dorothy Wilson,250
Dorothy Wilson,200
Dorothy Wilson,150
Dorothy Wilson,120
Joseph Johnson,300
Joseph Johnson,500
Donald Perez,150
Gary Thompson,120
Gary Thompson,150
Gary Thompson,300
Gary Thompson,120
Joseph Wilson,300
Patricia Sanchez,80
Patricia Sanchez,200
Patricia Sanchez,200
Patricia Sanchez,80
Ashley Mitchell,150
Ashley Mitchell,100
Ashley Mitchell,100
Carol Hall,120
Carol Hall,80
Carol Hall,120
Carol Hall,100
Carol Hall,120
Carol Adams,200
Ashley Roberts,300
Ashley Roberts,500
Ashley Roberts,100
Donna Garcia,150
Steven Sanchez,500
Steven Sanchez,250
Steven Sanchez,250
Steven Sanchez,80
Thomas Lewis,300
Kenneth Collins,200
Kenneth Collins,100
Kenneth Collins,500
Kenneth Collins,100
Kenneth Collins,100
Andrew Nelson,80
Margaret Anderson,100
Margaret Anderson,100
Margaret Anderson,200
Angela Sanchez,200
Angela Sanchez,500
Deborah Harris,150
Jennifer Parker,150
Jennifer Parker,100
Jennifer Parker,150
Jennifer Parker,500
Jennifer Parker,80
Betty Evans,100
Betty Evans,100
Brian Campbell,200
Brian Campbell,50
Brian Campbell,50
Brian Campbell,80
Brian Campbell,50
Kevin Cook,150
Kevin Cook,120
Kevin Cook,250
Kevin Cook,50
Kevin Cook,300
Cynthia Parker,150
Cynthia Parker,150
Cynthia Parker,300
Cynthia Parker,120
Cynthia Parker,250
Karen Green,50
Mary Scott,300
Mary Scott,300
Mary Scott,120
Mary Scott,200
Daniel Sanchez,200
Daniel Sanchez,250
Daniel Sanchez,100
Jeffrey Hall,500
Jeffrey Hall,80
Jeffrey Hall,200
Jeffrey Hall,120
Jeffrey Hall,300
Joseph White,120
Joseph White,100
Joseph White,80
Joseph White,50
Sarah Allen,250
Sarah Allen,120
Sarah Allen,100
Sarah Allen,200
Sarah Allen,200
Jennifer Reed,300
Jennifer Reed,500
Kenneth Adams,300
Kenneth Adams,50
Kenneth Adams,80
Anthony Brown,150
Lisa Phillips,150
Lisa Phillips,500
Lisa Phillips,50
Lisa Phillips,80
Andrew Wilson,200
Andrew Wilson,250
Andrew Wilson,200
Robert Young,500
Jennifer Hall,150
Jennifer Hall,80
Jennifer Hall,250
Jennifer Hall,500
Jennifer Hall,300
Jeffrey Perez,80
Jeffrey Perez,100
Jeffrey Perez,80
Steven Hall,500
Steven Hall,200
Steven Hall,100
Jennifer Phillips,250
Jennifer Phillips,500
Jennifer Phillips,50
Jennifer Phillips,50
Jennifer Phillips,50
Thomas Sanchez,300
Thomas Sanchez,500
Thomas Sanchez,300
Charles Phillips,100
Charles Phillips,200
Charles Phillips,200
Charles Phillips,100
Charles Phillips,250
Donna Rogers,200
Donna Rogers,500
Donna Rogers,500
Sandra Adams,150
Sandra Adams,300
Sandra Adams,50
Sandra Adams,200
Sandra Adams,200
George Davis,150
George Davis,50
George Davis,300
George Davis,150
Kimberly Roberts,50
Kimberly Roberts,300
Mary Carter,250
Mary Carter,100
Mary Carter,120
Mary Carter,50
Mary Carter,80
Jennifer Johnson,200
Jennifer Johnson,250
Jennifer Johnson,100
Jennifer Johnson,250
Timothy Jackson,500
Timothy Jackson,300
Timothy Jackson,50
Timothy Jackson,100
Margaret Jackson,200
Margaret Jackson,300
Margaret Jackson,500
Margaret Jackson,250
Margaret Jackson,200
Patricia Green,200
Patricia Green,500
Patricia Green,200
Patricia Green,150
Patricia Green,300
Jennifer Lee,500
Jennifer Lee,150
Jennifer Lee,120
Karen Cook,120
Karen Cook,300
Karen Cook,200
Nancy Walker,150
Nancy Walker,150
Nancy Walker,80
Nancy Walker,500
Nancy Walker,250
Deborah Young,100
Deborah Young,150
Deborah Young,50
David Walker,150
David Walker,300
David Walker,120
David Walker,120
Jessica Perez,100
Jessica Perez,80
Jessica Perez,120
Elizabeth Brown,120
Elizabeth Brown,120
Elizabeth Brown,50
Elizabeth Brown,80
Elizabeth Brown,250
Matthew Sanchez,80
Matthew Sanchez,100
Matthew Sanchez,50
Matthew Sanchez,500
Angela Taylor,300
Angela Taylor,300
Angela Taylor,120
Angela Taylor,150
Daniel Harris,80
Kevin Roberts,500
Kevin Roberts,50
Amy Thomas,100
Amy Thomas,50
Amy Thomas,250
Amy Thomas,300
Patricia Rogers,50
Patricia Rogers,50
Patricia Rogers,150
Dorothy Phillips,200
Sarah Green,500
Sarah Green,300
Sarah Green,100
Sarah Green,500
Sarah Green,300
Jessica Moore,200
Mary Morris,150
Mary Morris,100
Mary Morris,50
Mary Morris,200
Carol Harris,120
Carol Harris,100
Carol Harris,250
Carol Harris,250
Carol Harris,500
Daniel Garcia,80
Daniel Garcia,100
Daniel Garcia,100
Daniel Garcia,300
James Thompson,120
James Thompson,300
James Thompson,150
James Thompson,200
Edward Roberts,150
Kevin Hall,50
Kevin Hall,80
Kenneth Clark,250
Kenneth Clark,500
Gary Clark,150
Mark Campbell,120
Mark Campbell,100
Nancy Anderson,200
Nancy Anderson,250
Nancy Anderson,500
Nancy Anderson,300
Jeffrey Mitchell,120
Jeffrey Mitchell,80
Margaret Scott,200
Margaret Scott,80
Margaret Scott,80
Margaret Scott,50
Margaret Scott,500
Deborah Nelson,500
Deborah Nelson,100
Mary Lewis,300
Mary Lewis,80
Mary Lewis,120
Mary Lewis,300
Mary Lewis,80
Joshua Brown,100
Joshua Brown,500
Joshua Brown,250
Joshua Brown,300
Dorothy Brown,300
Dorothy Brown,150
Dorothy Brown,50
Dorothy Brown,250
Dorothy Brown,150
Sharon Smith,80
Sharon Smith,50
Andrew Walker,500
Michael Jones,50
Michael Jones,150
Michael Jones,250
Michael Jones,100
Paul Hall,300
Paul Hall,250
Paul Hall,250
Paul Hall,80
George Edwards,100
George Edwards,200
George Edwards,80
George Edwards,100
George Edwards,500
Steven Carter,120
Steven Carter,50
George Morris,250
George Morris,500
George Morris,250
George Morris,120
George Morris,120
Kenneth Walker,150
Kenneth Walker,120
Angela Morris,50
Ruth Edwards,50
Ruth Edwards,120
Ruth Edwards,120
Ruth Edwards,80
Robert Scott,50
Robert Scott,120
Robert Scott,50
Robert Scott,250
Robert Scott,300
Barbara Mitchell,50
Barbara Mitchell,100
Betty Harris,200
Betty Harris,200
Elizabeth Clark,500
Elizabeth Clark,120
Paul Clark,50
Paul Clark,500
Paul Clark,100
Ryan Collins,500
Ryan Collins,300
Ryan Collins,50
Ryan Collins,200
Donald Carter,250
Donald Carter,250
Donald Carter,100
Karen Allen,500
Karen Allen,300
Karen Sanchez,300
Karen Sanchez,50
Paul Perez,100
Paul Perez,250
Paul Perez,120
Paul Perez,150
Paul Perez,120
Matthew Evans,300
Laura Hall,500
Edward Moore,150
Donald Collins,50
Donald Collins,80
Donald Collins,120
Donald Collins,500
Donald Collins,120
Nancy Jackson,150
Nancy Jackson,50
Nancy Jackson,120
Angela Moore,300
Amy Lee,120
Amy Lee,250
Amy Lee,120
Amy Lee,500
Amy Lee,200
Sandra Evans,150
Sandra Evans,150
Sandra Evans,200
Betty Adams,80
Betty Adams,300
Betty Adams,200
Betty Adams,120
Mark Lewis,50
Mark Lewis,120
Mark Lewis,100
Mark Lewis,50
Susan Perez,250
Susan Perez,150
Susan Perez,100
Susan Perez,120
Susan Perez,200
Barbara Allen,120
Barbara Allen,300
Barbara Allen,500
Barbara Allen,200
Barbara Allen,150
Jeffrey Adams,300
Jeffrey Adams,100
Jeffrey Adams,200
Jeffrey Adams,100
Thomas Morris,300
Thomas Morris,100
Thomas Morris,500
Thomas Morris,50
Thomas Morris,500
Robert Jones,50
Paul Wilson,80
Paul Wilson,100
James Jackson,300
James Jackson,200
James Jackson,50
James Jackson,300
James Jackson,300
John Smith,500
John Smith,250
John Smith,50
John Smith,50
John Smith,500
Edward White,150
Edward White,50
Edward White,500
Edward White,250
Edward White,100
Richard Miller,100
Richard Miller,120
Richard Miller,120
Richard Miller,500
Richard Miller,150
Sharon Walker,250
Sharon Walker,80
Sharon Walker,200
Steven Green,120
Steven Green,120
Steven Green,150
Steven Green,80
Steven Green,50
David Young,250
David Young,500
David Young,300
David Young,50
Ryan Smith,80
Ryan Smith,300
Laura Wright,80
Laura Wright,500
Laura Wright,50
Barbara Jackson,300
Barbara Jackson,150
Barbara Jackson,50
Barbara Jackson,80
Barbara Jackson,150
Deborah Mitchell,50
Deborah Mitchell,100
Deborah Mitchell,200
Deborah Mitchell,50
Deborah Mitchell,120
Kimberly Anderson,80
Kimberly Anderson,150
Kimberly Anderson,100
Kimberly Anderson,120
Dorothy Allen,200
Dorothy Allen,250
Dorothy Allen,100
Dorothy Allen,80
Dorothy Allen,500
Jason Walker,80
Andrew Martin,200
Emily Cook,250
Emily Cook,200
Emily Cook,50
Emily Cook,150
Emily Cook,300
Anthony Perez,250
Anthony Perez,100
Anthony Perez,250
Anthony Perez,80
Sarah Lee,80
Donald Sanchez,250
Donald Sanchez,200
Mark Miller,50
Karen Scott,150
Karen Scott,80
Karen Scott,100
Ashley Perez,250
Ashley Perez,80
Ashley Perez,50
Ashley Perez,80
Ashley Perez,200
Ashley Garcia,200
Ashley Garcia,250
Ashley Garcia,50
Ashley Garcia,150
Ashley Garcia,250
David Morris,120
David Morris,500
David Morris,100
David Morris,250
David Morris,100
Thomas White,150
Thomas White,300
Thomas White,100
William Taylor,150
William Taylor,250
William Taylor,150
William Taylor,300
Elizabeth Morris,120
Elizabeth Morris,300
Elizabeth Morris,80
Elizabeth Morris,100
Michelle Campbell,200
Michelle Campbell,300
Michelle Campbell,200
Michelle Campbell,250
Sharon Evans,100
Sharon Evans,150
Sharon Evans,200
Sharon Evans,120
Sharon Evans,300
Daniel Thomas,200
Daniel Thomas,150
Daniel Thomas,300
Daniel Thomas,120
Daniel Allen,250
Daniel Allen,200
Daniel Allen,80
Angela Roberts,500
Angela Roberts,100
George Cook,50
George Cook,300
George Cook,120
George Cook,300
George Cook,150
Michelle Stewart,250
George Adams,150
George Adams,120
Susan Edwards,250
Susan Edwards,250
William Scott,300
William Scott,250
William Scott,500
William Scott,500
William Scott,250
Sandra Williams,500
Sandra Williams,80
Sandra Williams,80
Gary Lee,100
Gary Lee,50
Gary Lee,250
Jeffrey Robinson,80
Jeffrey Robinson,50
Jeffrey Robinson,80
Jeffrey Robinson,150
Ashley Turner,120
Ashley Turner,300
Ashley Turner,200
Ashley Turner,250
Ashley Turner,300
Gary Collins,500
Gary Collins,100
Gary Collins,200
Gary Collins,50
Gary Collins,300
Richard Harris,80
Richard Harris,80
Richard Harris,100
Richard Harris,200
Karen Robinson,120
Karen Robinson,500
Karen Robinson,300
Karen Robinson,200
Nancy Miller,300
Nancy Miller,200
Nancy Miller,80
Nancy Miller,150
Robert Sanchez,50
Kevin Miller,120
Kevin Miller,500
Mary Robinson,250
Mary Robinson,300
Mary Robinson,120
Mary Robinson,250
Mary Robinson,100
Patricia Parker,250
Patricia Parker,50
Patricia Parker,120
Patricia Parker,300
Kimberly Wright,50
Kimberly Wright,120
Kimberly Wright,120
Kimberly Wright,150
Jeffrey Sanchez,80
Ruth Mitchell,200
Ruth Mitchell,200
Jennifer Green,150
Brian Adams,200
Brian Adams,250
Brian Adams,250
Brian Adams,80
Brian Adams,200
Anthony Green,100
Anthony Green,150
Anthony Green,80
Anthony Green,100
Anthony Green,200
Karen Davis,200
Karen Davis,100
Betty Allen,100
Betty Allen,250
Betty Allen,250
Betty Allen,100
Sandra Stewart,500
Sandra Stewart,100
Lisa Harris,100
Lisa Harris,200
Michelle Scott,50
Michelle Scott,200
Michelle Scott,50
Michelle Scott,300
Michelle Scott,100
Jennifer Allen,500
Jennifer Allen,300
Jennifer Allen,250
Jennifer Allen,300
Jennifer Allen,250
Lisa Taylor,50
Carol Reed,150
Carol Reed,50
Jessica Martin,150
Jessica Martin,100
Jessica Martin,300
Jessica Martin,300
Jessica Martin,500
Betty Davis,80
Betty Davis,150
Betty Davis,500
Betty Davis,200
Betty Davis,500
Sharon Reed,300
Andrew Miller,150
Andrew Miller,50
Anthony Garcia,80
Anthony Garcia,120
Anthony Garcia,120
Anthony Garcia,200
Donna Parker,100
Donna Parker,100
Donna Parker,120
Donna Parker,120
Ruth Brown,200
Ruth Brown,500
Ruth Brown,150
Ruth Brown,500
Ruth Brown,100
Sarah Harris,150
Sarah Harris,500
Sarah Harris,80
Sarah Harris,100
Sarah Harris,250
Amy Brown,100
Amy Brown,100
Amy Brown,120
Charles Sanchez,120
Charles Sanchez,250
Charles Sanchez,300
Charles Roberts,250
Charles Roberts,250
Charles Roberts,300
William Parker,250
Betty Rogers,200
Betty Rogers,300
Betty Rogers,300
Daniel Turner,80
Edward Green,80
Edward Green,500
Edward Green,250
Linda Wright,300
Linda Wright,150
Matthew Perez,100
Matthew Perez,300
Matthew Perez,200
Matthew Perez,50
Matthew Perez,50
Richard Parker,50
Richard Parker,80
Richard Parker,100
Richard Parker,300
Kenneth Smith,120
Kenneth Smith,100
Kenneth Smith,150
Kenneth Smith,100
Sarah White,200
Deborah Evans,50
Deborah Evans,250
Ryan Clark,250
Ryan Clark,80
Ronald Miller,120
Nancy Jones,120
Nancy Jones,500
George Scott,50
Timothy Robinson,250
Timothy Wilson,80
Timothy Wilson,120
Timothy Wilson,250
Timothy Wilson,80
Edward Miller,200
Mark Clark,250
Mark Clark,100
Kevin Collins,80
Kevin Collins,500
Dorothy Smith,100
Dorothy Smith,300
Dorothy Smith,200
Dorothy Smith,120
Dorothy Smith,100
Amy King,300
Amy King,120
Amy King,80
Amy King,80
Amy King,100
Jeffrey Davis,250
Jeffrey Davis,200
Jeffrey Davis,250
Jeffrey Davis,200
Jeffrey Davis,100
Elizabeth White,120
Ashley Phillips,150
Ashley Phillips,50
Ashley Phillips,150
Ashley Phillips,120
Ashley Phillips,500
Emily Nelson,250
Emily Nelson,150
Kevin Brown,300
Kevin Brown,250
Emily Jones,50
Emily Jones,200
Emily Jones,200
Emily Jones,100
Emily Jones,250
Sarah Roberts,200
Sarah Roberts,500
Sarah Roberts,100
Sarah Roberts,300
Gary Jones,80
Linda Williams,250
Ryan Sanchez,250
Ryan Sanchez,250
Ryan Sanchez,250
Ryan Sanchez,80
Ryan Sanchez,500
Sandra Campbell,150
Sandra Campbell,80
Karen Garcia,120
Karen Garcia,100
Karen Garcia,500
Karen Garcia,200
Karen Garcia,250
Kimberly Parker,150
Timothy Wright,50
Timothy Wright,120
David Wright,300
Donna Phillips,150
Brian Rogers,80
Brian Rogers,50
Ronald Wilson,100
Lisa Walker,500
Lisa Walker,150
Lisa Walker,100
Lisa Walker,200
Lisa Walker,100
Jason Cook,80
Jason Cook,50
Jason Cook,200
Ruth Wright,500
Ruth Wright,80
Ruth Wright,150
Ronald Roberts,300
Mark Brown,100
Mark Brown,200
Mark Brown,100
Mark Brown,150
Gary Miller,80
Gary Miller,120
Gary Miller,500
Gary Miller,50
Gary Miller,50
Laura Smith,50
Laura Smith,300
Mark Allen,100
Mark Allen,50
Ashley Sanchez,120
Ashley Sanchez,200
Ashley Sanchez,120
Ashley Sanchez,250
Amy Morris,150
Amy Morris,80
Amy Morris,200
Joseph Nelson,100
Barbara Carter,250
William Green,150
William Green,200
William Green,80
Ashley Green,200
Jennifer Harris,150
Jennifer Harris,120
Jennifer Harris,300
Jennifer Harris,200
Jennifer Harris,300
Gary Cook,500
Gary Cook,120
Charles Smith,50
Charles Smith,120
Charles Smith,500
Charles Smith,200
Ryan Stewart,200
James Reed,150
James Reed,80
James Reed,120
James Reed,500
Elizabeth King,50
Elizabeth King,100
Elizabeth King,150
Elizabeth King,80
Robert Martin,250
Robert Martin,200
Robert Martin,300
Robert Martin,80
Robert Martin,80
Betty Wilson,80
Betty Wilson,50
Betty Wilson,250
Betty Wilson,100
Elizabeth Harris,200
Elizabeth Harris,250
Elizabeth Harris,200
Daniel Scott,120
Daniel Scott,80
Daniel Scott,120
Thomas Cook,80
Thomas Cook,100
Thomas Cook,80
Thomas Cook,100
Thomas Cook,300
Paul Davis,200
Paul Davis,120
Paul Davis,300
Paul Davis,150
Paul Davis,300
Susan Davis,100
Ruth Collins,50
Ruth Collins,120
Ruth Collins,200
Charles Garcia,200
Charles Garcia,250
Betty Brown,150
Betty Brown,100
Betty Brown,50
Steven Scott,500
Steven Scott,120
Steven Scott,80
Steven Scott,300
Steven Scott,80
Ruth Wilson,50
Michael Cook,100
Michael Cook,120
Sharon Young,80
Sharon Young,150
Sharon Young,80
John Jones,300
John Jones,100
David Robinson,50
Kenneth Brown,250
Kenneth Brown,250
Andrew Thomas,120
Andrew Thomas,100
Andrew Thomas,150
Jessica Scott,50
Jessica Scott,120
Kevin Harris,250
Kevin Harris,500
Kevin Harris,300
Kevin Harris,50
David White,100
David White,250
David White,120
David White,500
Elizabeth Parker,50
Elizabeth Parker,250
Elizabeth Parker,200
Elizabeth Parker,300
Elizabeth Parker,500
Anthony Roberts,200
Anthony Roberts,250
Anthony Roberts,150
Anthony Roberts,100
Anthony Roberts,50
Daniel Phillips,50
Daniel Phillips,150
Margaret Walker,120
Margaret Walker,100
Margaret Walker,80
Margaret Walker,120
Margaret Walker,120
Jessica Mitchell,120
Anthony Thomas,120
Anthony Thomas,200
Ruth Rogers,50
Ruth Rogers,200
Ruth Rogers,100
Dorothy Moore,500
Dorothy Moore,150
Dorothy Moore,100
Dorothy Moore,300
Robert Garcia,120
Emily Martin,500
Nancy Smith,120
Nancy Smith,100
Nancy Smith,200
Ronald Thomas,50
Ronald Thomas,50
Ronald Thomas,100
Kimberly Sanchez,80
Kimberly Sanchez,500
Sarah Hall,200
Ronald Edwards,80
Ronald Edwards,200
Ronald Edwards,150
Ronald Edwards,200
Thomas Taylor,300
Thomas Taylor,200
Thomas Taylor,100
Thomas Taylor,500
Timothy Campbell,120
Timothy Campbell,100
Timothy Campbell,250
Karen Morris,100
Karen Morris,100
Karen Morris,50
Timothy Roberts,50
Timothy Roberts,100
Timothy Roberts,200
Timothy Roberts,120
Ryan Roberts,300
Charles Robinson,120
Anthony Lewis,80
Anthony Lewis,200
Joshua Smith,120
Joshua Smith,120
Joshua Smith,80
Carol Miller,50
Donald Scott,100
Donald Scott,250
Donald Scott,300
Donald Scott,250
Anthony Mitchell,80
Anthony Mitchell,300
Anthony Mitchell,120
Anthony Mitchell,100
Joshua Jones,150
John Lewis,80
John Lewis,80
John Lewis,200
William Perez,200
Emily Campbell,50
Emily Campbell,250
Emily Campbell,100
Emily Campbell,250
Mary Brown,200
Linda Moore,500
Linda Moore,500
Linda Moore,150
Linda Moore,150
Karen Lee,50
Steven Roberts,300
Steven Roberts,100
Steven Roberts,50
Steven Roberts,200
Steven Roberts,50
Andrew Garcia,300
Andrew Garcia,120
Andrew Garcia,80
John Jackson,150
John Jackson,80
Nancy Davis,250
Nancy Davis,300
Nancy Davis,300
Deborah Edwards,80
Deborah Edwards,500
Deborah Edwards,250
Patricia Hall,200
Patricia Hall,100
Patricia Hall,300
Patricia Hall,50
Susan Scott,150
Susan Scott,120
Susan Scott,150
Susan Scott,50
Timothy Edwards,80
Brian Walker,250
Brian Walker,120
Brian Walker,500
Brian Walker,50
Brian Walker,250
Sharon Carter,500
Sharon Carter,300
Sharon Carter,120
Sharon Carter,300
Robert Nelson,500
Robert Nelson,100
Robert Nelson,80
Robert Nelson,300
Robert Nelson,100
Mary Jackson,100
Mary Jackson,50
George Wright,100
George Wright,150
Daniel Morris,80
Steven Perez,150
Steven Perez,500
Steven Perez,300
Amy Smith,500
Amy Smith,250
Amy Smith,80
Amy Smith,250
Amy Smith,100
Kimberly Turner,80
Dorothy Cook,150
Sarah Mitchell,250
Sarah Mitchell,150
Sarah Mitchell,250
Kevin Adams,300
Kevin Adams,50
Kevin Adams,100
Kevin Adams,150
Kevin Adams,250
Charles Campbell,250
Charles Campbell,50
Charles Campbell,250
Charles Campbell,200
Charles Campbell,120
Nancy White,50
Nancy White,200
Nancy White,150
Karen White,80
Karen White,120
Karen White,100
Karen White,150
Gary Lewis,250
Gary Lewis,80
Gary Lewis,120
Joshua Jackson,300
Joshua Jackson,500
Joshua Jackson,200
Joshua Jackson,50
Betty Taylor,150
Ronald Nelson,100
Ronald Nelson,500
Ronald Nelson,50
Ronald Nelson,100
Jennifer Moore,120
Robert Green,200
Ronald Moore,200
Ronald Moore,300
Ronald Moore,500
Steven Parker,50
Elizabeth Hall,300
Elizabeth Hall,100
Elizabeth Hall,300
Elizabeth Hall,500
Anthony Walker,150
Anthony Walker,80
Sarah Johnson,50
Sarah Johnson,100
Sarah Johnson,120
Sarah Johnson,120
Kevin Martin,150
Kevin Martin,250
Betty Johnson,300
Amy Wilson,50
Amy Wilson,120
Susan Phillips,150
Susan Phillips,250
Susan Phillips,250
Kenneth Thompson,300
Kenneth Thompson,150
George Carter,250
George Carter,80
George Carter,50
George Carter,500
George Carter,200
Ashley Evans,150
Ashley Evans,150
Ashley Evans,80
Ashley Evans,300
Ashley Evans,80
Matthew White,150
Matthew White,150
Matthew White,150
Jennifer Anderson,120
Jennifer Anderson,50
Jennifer Anderson,250
Jennifer Anderson,200
Jennifer Anderson,100
Edward Johnson,150
Edward Johnson,150
Edward Johnson,250
Edward Johnson,250
Donald Rogers,120
Matthew Morris,500
Matthew Morris,300
Amy Edwards,500
Amy Edwards,150
Amy Edwards,100
Cynthia Perez,150
Cynthia Perez,80
Nancy Wilson,500
Nancy Wilson,100
Nancy Wilson,200
Kevin Garcia,200
Kevin Garcia,120
Jason Clark,200
Jason Clark,200
Jason Clark,150
Jason Clark,150
Kenneth Davis,50
Kenneth Davis,80
Kenneth Davis,300
Kenneth Davis,120
Sarah Collins,500
Sarah Collins,150
Sarah Collins,250
Sarah Collins,50
Sarah Anderson,120
Sarah Anderson,200
Paul Roberts,100
Paul Roberts,200
Paul Roberts,100
Paul Roberts,80
Lisa Robinson,200
Lisa Robinson,50
James Scott,120
James Scott,100
James Scott,100
Lisa Reed,100
Ryan Wright,250
Ryan Wright,300
Ryan Wright,250
Ryan Wright,50
Robert Mitchell,200
Robert Mitchell,50
Deborah Lewis,120
Deborah Lewis,50
Deborah Lewis,50
Deborah Lewis,120
Deborah Lewis,120
Timothy Walker,100
Timothy Walker,80
Timothy Walker,250
Karen Taylor,50
Karen Harris,500
Karen Harris,500
Karen Harris,200
Karen Harris,250
Cynthia Collins,200
Cynthia Collins,300
Anthony Reed,100
Anthony Reed,250
John Martin,100
John Martin,120
Kimberly Nelson,80
Kimberly Nelson,200
Ronald Evans,250
Susan Cook,50
Susan Cook,50
Susan Cook,80
Susan Cook,50
Susan Cook,50
Timothy Davis,300
Timothy Davis,250
Timothy Davis,80
Timothy Davis,500
Timothy Anderson,50
Timothy Anderson,150
Richard Edwards,150
Richard Edwards,100
Richard Edwards,250
Richard Edwards,80
Richard Edwards,500
Edward Campbell,150
Joseph Miller,120
Joseph Miller,120
Joseph Miller,150
Joseph Miller,500
Jennifer Walker,150
Jennifer Walker,100
Jennifer Walker,50
Jennifer Walker,500
Lisa Jackson,200
Lisa Jackson,120
Lisa Jackson,50
Lisa Jackson,50
Brian Garcia,300
Gary Nelson,80
Deborah Thompson,300
Deborah Thompson,150
Michael Miller,50
Michael Miller,150
Mark Collins,250
Mark Collins,80
Mark Collins,80
Laura Reed,50
Laura Wilson,200
Laura Wilson,200
Deborah Scott,150
Deborah Scott,80
Deborah Scott,200
Deborah Scott,200
Deborah Scott,100
Joseph Young,300
Joseph Young,150
Joseph Young,250
Joseph Young,300
Ruth King,80
Ruth King,100
Timothy Morris,100
Richard King,300
Richard King,300
Richard King,100
Richard King,250
Richard King,200
Donna Johnson,300
Donna Johnson,300
Joseph King,50
Joseph King,80
Joseph King,150
Joseph King,200
James Sanchez,120
James Sanchez,200
James Sanchez,500
James Sanchez,500
James Sanchez,80
Andrew Edwards,300
Andrew Edwards,200
Brian Collins,100
Brian Collins,500
Brian Collins,50
Brian Collins,50
Kevin Taylor,300
Kevin Taylor,300
Kevin Taylor,100
Kevin Taylor,80
Kevin Taylor,300
Michael Nelson,500
Michael Nelson,250
Steven Lee,300
Joshua Roberts,80
Joshua Roberts,300
Joshua Roberts,300
Joshua Roberts,200
Joseph Adams,80
Steven King,500
Sharon Garcia,150
Sharon Garcia,500
Sharon Garcia,500
Sharon Garcia,120
Sharon Garcia,300
Matthew Hall,120
Laura Green,500
Laura Green,300
Laura Green,200
Jeffrey Edwards,50
Jeffrey Edwards,200
Anthony Parker,500
Anthony Parker,500
Anthony Parker,200
Timothy Miller,100
Lisa Wilson,80
Lisa Wilson,150
Lisa Wilson,120
Lisa Wilson,120
Linda Green,200
Linda Green,80
Robert Parker,80
Robert Parker,300
Robert Parker,300
Robert Parker,500
Robert Parker,100
Lisa Smith,50
Lisa Smith,500
Lisa Smith,250
Lisa Smith,300
Lisa Smith,500
Gary Thomas,100
Gary Thomas,100
Gary Thomas,80
Gary Thomas,250
Gary Thomas,200
Paul Phillips,150
Paul Phillips,250
Matthew Harris,100
Matthew Harris,100
Matthew Harris,250
Matthew Harris,500
Karen Stewart,200
Karen Stewart,500
Karen Stewart,120
Karen Stewart,120
Karen Stewart,120
Donna Sanchez,200
Donna Sanchez,100
Donna Sanchez,100
Betty Mitchell,80
Betty Mitchell,200
Betty Mitchell,500
Nancy Turner,250
Nancy Turner,500
Nancy Turner,150
Nancy Turner,250
Nancy Turner,50
Margaret Miller,250
Charles Brown,120
Jessica Reed,150
Jessica Reed,150
Timothy Harris,500
Timothy Harris,50
Anthony Scott,500
Sarah Martin,250
Sarah Martin,120
Sarah Martin,500
Sarah Martin,150
Sarah Martin,50
Carol Collins,500
Carol Collins,50
Carol Collins,50
Jason Thompson,300
Jason Thompson,120
Amy Parker,500
Amy Parker,120
Amy Parker,120
Sarah Scott,80
Sarah Scott,100
Andrew White,150
Andrew White,100
Andrew White,100
Andrew White,150
Andrew White,50
Matthew Green,50
Matthew Green,100
Angela Lewis,50
Angela Lewis,150
Angela Lewis,300
Angela Lewis,500
Angela Lewis,200
Daniel Carter,100
Daniel Carter,500
Mary King,500
Mary King,250
Mary King,80
Mary King,200
Mary King,120
Cynthia Jackson,200
Cynthia Jackson,200
Cynthia Jackson,150
Linda Reed,500
Linda Reed,300
Linda Reed,500
Linda Reed,50
Linda Reed,80
Joshua Lee,120
Joshua Lee,50
Joshua Lee,200
Joshua Lee,250
Joshua Lee,80
Donald Thompson,150
Donald Thompson,50
Donald Thompson,500
Donald Thompson,200
Donald Thompson,500
Ruth Nelson,300
Ruth Nelson,50
Ruth Nelson,150
Ruth Nelson,120
Daniel Nelson,80
Mary Cook,500
Mary Cook,50
Mary Cook,80
Mary Cook,120
Mary Cook,120
Cynthia Rogers,80
Cynthia Rogers,100
Cynthia Rogers,50
Cynthia Rogers,300
Ronald Robinson,80
William Brown,150
William Brown,500
William Roberts,150
William Roberts,250
Ryan Young,200
Ryan Young,50
Ryan Young,250
Ryan Young,80
Sandra Smith,80
Sandra Smith,50
Sandra Smith,80
Sandra Smith,200
Sandra Smith,500
Karen Phillips,150
Jeffrey Scott,250
Jeffrey Scott,50
Jeffrey Scott,300
Jeffrey Scott,100
Sandra Martin,250
Sandra Martin,500
Charles Clark,50
Charles Clark,500
Charles Clark,500
Charles Davis,50
Steven Mitchell,80
Steven Mitchell,150
Steven Mitchell,120
Steven Mitchell,200
Steven Mitchell,120
Paul Evans,100
Paul Evans,100
Paul Evans,100
Paul Evans,120
Paul Evans,150
Jennifer Davis,50
Jennifer Davis,500
Kenneth Evans,80
Kenneth Evans,150
Kenneth Evans,80
Kenneth Evans,150
Kenneth Evans,80
Jennifer Morris,300
Jennifer Morris,200
Jennifer Morris,200
Jennifer Morris,100
Jennifer Morris,120
Deborah Moore,300
Deborah Moore,300
Deborah Moore,200
Donna Edwards,100
Donna Edwards,200
Donna Edwards,200
Andrew Taylor,200
Ronald Rogers,150
Ronald Rogers,200
Ronald Rogers,100
Ronald Rogers,200
Cynthia Baker,300
Cynthia Baker,200
Cynthia Baker,150
Cynthia Baker,300
Ashley Miller,80
Ashley Miller,150
Jennifer Thompson,80
Deborah Johnson,50
Deborah Johnson,250
Deborah Johnson,120
Deborah Johnson,50
Deborah Johnson,500
Susan Mitchell,300
Susan Mitchell,100
Susan Mitchell,200
Susan Mitchell,250
Susan Mitchell,120
Deborah Cook,150
Deborah Cook,100
Deborah Cook,300
Deborah Cook,500
Deborah Cook,500
James Edwards,100
James Edwards,500
Thomas Scott,100
Thomas Scott,100
Jason Morris,200
Jason Morris,50
Jason Morris,120
Jason Morris,300
Susan Hall,50
Susan Hall,120
Margaret Hall,300
Margaret Hall,300
Margaret Hall,50
Margaret Hall,50
Kevin Lewis,500
Ryan White,500
Ryan White,100
Ryan White,250
Kevin Allen,80
Kevin Allen,500
Kevin Allen,150
Donald Martin,250
Donald Martin,200
Donald Martin,200
Donald Martin,300
Donald Martin,300
Cynthia Phillips,500
Joshua Taylor,80
Joshua Taylor,500
Linda Anderson,100
Linda Anderson,200
Sharon Davis,250
Sharon Davis,200
Edward Davis,300
Edward Davis,300
Edward Davis,120
Edward Davis,100
Kevin King,120
Robert Wilson,100
Robert Wilson,100
Robert Wilson,500
Robert Wilson,50
Robert Wilson,100
Michael Taylor,100
Michael Taylor,500
Michael Taylor,250
Emily Roberts,150
David Jackson,300
David Jackson,300
David Jackson,100
David Jackson,120
Michelle King,100
Michelle King,100
Michelle King,500
Michelle King,150
Michelle King,100
Edward Collins,300
Edward Collins,80
Edward Collins,120
Donald Allen,80
Donald Allen,50
Sarah Nelson,100
Sarah Nelson,80
Sarah Nelson,100
Sarah Nelson,300
Deborah Campbell,50
Deborah Campbell,500
Deborah Campbell,500
Deborah Campbell,80
Deborah Campbell,80
Nancy Edwards,500
Nancy Edwards,50
George Evans,500
George Evans,250
George Evans,200
George Evans,50
Timothy Carter,120
Timothy Carter,300
Timothy Carter,250
Timothy Carter,200
Kimberly Rogers,80
Kimberly Rogers,250
Kimberly Rogers,100
Kimberly Rogers,150
Kimberly Rogers,300
Gary Martin,150
Paul Thompson,50
Paul Thompson,50
Dorothy Carter,500
James Allen,200
James Allen,250
Charles Wright,150
Charles Wright,150
Charles Wright,500
Charles Wright,250
Charles Wright,200
Donna White,120
Donna White,250
Donna White,500
Donna White,500
Nancy Thomas,500
Nancy Thomas,500
Nancy Thomas,300
Susan Clark,200
Susan Clark,250
Susan Clark,100
Susan Clark,80
Susan Clark,120
Joshua Stewart,80
Joshua Stewart,120
Betty Young,500
Betty Young,50
Betty Young,100
Donald Parker,80
Sharon Anderson,250
Sharon Anderson,80
Sharon Anderson,80
Sharon Anderson,150
Barbara Hall,50
Edward Allen,500
Edward Allen,150
Edward Allen,50
Edward Allen,100
Ryan Adams,50
Ryan Adams,120
Ryan Adams,500
Ryan Adams,150
Jennifer Williams,500
Jennifer Williams,500
Jennifer Williams,120
Jennifer Williams,100
Jennifer Williams,50
Mark Lee,100
Anthony Edwards,250
Anthony Edwards,120
Anthony Edwards,500
Anthony Edwards,50
Jason Sanchez,80
Ashley Harris,200
Ashley Harris,200
Ashley Harris,150
Ashley Harris,120
Ashley Harris,120
Kenneth Young,50
Kenneth Young,150
Kenneth Young,100
Kenneth Young,250
Kenneth Young,500
Richard Perez,500
Sarah Robinson,500
Sharon Roberts,300
Sharon Roberts,250
Sharon Roberts,300
Gary Green,50
Gary Green,300
Gary Green,80
Gary Green,150
William Allen,120
William Allen,200
Paul Walker,500
Paul Walker,50
Paul Walker,150
Paul Walker,120
Paul Walker,150
George Rogers,80
George Rogers,500
George Rogers,100
Nancy Lewis,120
Nancy Lewis,150
Nancy Lewis,100
Jason Collins,300
Jason Collins,120
Elizabeth Rogers,150
Elizabeth Rogers,120
Barbara Moore,200
Barbara Moore,100
Joseph Garcia,50
Joseph Garcia,500
Joseph Garcia,50
Joseph Garcia,300
Daniel Adams,150
Daniel Adams,300
Daniel Adams,100
Daniel Adams,500
Daniel Adams,150
Steven Martin,100
Steven Martin,50
Steven Martin,500
Steven Martin,250
Steven Martin,300
Betty Walker,100
Betty Walker,300
Betty Walker,80
Betty Walker,500
Timothy Smith,120
Donald Turner,200
Sarah Thompson,500
Sarah Thompson,150
Nancy Campbell,200
Nancy Campbell,100
Nancy Campbell,300
Andrew Jackson,200
Andrew Jackson,200
Andrew Jackson,250
Andrew Jackson,150
Joshua Thomas,100
Joshua Thomas,120
Joshua Thomas,80
Joshua Thomas,150
Joshua Thomas,120
Ashley Wright,120
Ashley Wright,100
Ashley Wright,100
Ashley Wright,300
Ruth Smith,250
Ruth Smith,300
Thomas Parker,500
Thomas Parker,200
Thomas Parker,300
Thomas Parker,150
Thomas Parker,150
Michael Young,100
Michael Jackson,300
Michael Jackson,80
Michael Jackson,300
Mark Perez,150
Mark Perez,200
Mark Perez,50
Mark Perez,250
Mark Perez,80
Anthony Collins,120
Anthony Collins,500
Anthony Collins,100
Anthony Collins,150
Anthony Collins,200
Daniel Collins,300
Daniel Collins,300
Daniel Collins,80
Daniel Collins,250
Daniel Collins,150
Kenneth Parker,100
Kenneth Parker,200
Paul Parker,250
Paul Parker,80
Paul Parker,80
Paul Parker,100
Paul Parker,200
Barbara Lewis,150
Barbara Lewis,150
Barbara Lewis,250
Gary Hall,500
Gary Hall,300
Gary Hall,250
Gary Hall,100
Gary Hall,100
Laura Johnson,120
Laura Johnson,150
Jason Stewart,120
Mary Young,80
Ashley Brown,250
Margaret Reed,80
Susan Campbell,80
Susan Campbell,250
Ryan Wilson,500
Ryan Wilson,100
John Williams,200
John Williams,300
John Williams,300
Angela White,300
Angela White,100
Angela White,500
Angela White,100
Angela White,300
Ryan Rogers,250
Ryan Rogers,500
Ryan Rogers,500
Ryan Rogers,150
Ryan Rogers,200
Nancy Mitchell,80
Nancy Mitchell,300
James Smith,100
James Smith,200
James Smith,150
James Smith,300
James Smith,500
James Stewart,300
James Stewart,150
James Stewart,50
James Stewart,250
Carol Smith,200
Carol Smith,120
Carol Smith,250
Carol Smith,500
Carol Smith,250
Mary Sanchez,250
Mary Sanchez,120
Mary Sanchez,150
Mary Sanchez,80
Andrew Parker,500
Andrew Parker,150
Sarah Evans,150
Sarah Evans,250
Sarah Evans,120
Sarah Evans,80
Sarah Evans,100
Thomas Harris,300
Donna Scott,300
Donna Scott,120
Donna Scott,200
John Anderson,500
John Thomas,150
Jessica Wilson,50
Jessica Wilson,120
Jessica Wilson,80
Jessica Wilson,100
James Adams,200
James Adams,250
Karen Adams,300
Karen Adams,50
Karen Adams,200
David Reed,50
David Reed,150
William Mitchell,100
William Mitchell,120
William Mitchell,150
William Mitchell,250
Michelle Smith,120
Jason Williams,300
Jason Williams,80
Margaret Edwards,300
Margaret Edwards,250
George Clark,100
George Clark,50
George Clark,500
Margaret Davis,300
Margaret Davis,150
Margaret Davis,120
Sarah Edwards,80
Sarah Edwards,120
Daniel Smith,150
Daniel Smith,80
James Williams,300
James Williams,100
James Williams,200
James Williams,80
James Williams,120
Mary Adams,200
Ryan Brown,200
Timothy Mitchell,100
Daniel Perez,300
Daniel Perez,120
Daniel Perez,50
Timothy Allen,100
Timothy Allen,150
Timothy Allen,50
Lisa Sanchez,500
Lisa Sanchez,150
Lisa Sanchez,500
Lisa Sanchez,300
Jennifer Roberts,500
Jennifer Roberts,200
Kenneth White,500
Kenneth White,100
Kenneth White,80
Kenneth White,500
Kenneth White,100
Joshua Harris,500
Joshua Harris,200
Joshua Harris,300
James Cook,250
James Cook,100
James Cook,50
James Cook,200
James Cook,120
Sandra Allen,500
Sandra Allen,300
Daniel Davis,500
Brian Jones,100
Patricia Williams,80
Patricia Williams,300
Jennifer Miller,250
Margaret Campbell,150
Margaret Campbell,50
Margaret Campbell,200
Margaret Campbell,120
Margaret Campbell,80
Angela Garcia,50
Angela Garcia,200
Angela Garcia,500
Angela Garcia,250
Sharon Hall,150
Margaret Williams,150
William Jackson,80
William Jackson,80
William Jackson,120
William Jackson,500
William Jackson,250
Elizabeth Roberts,500
Elizabeth Roberts,500
Paul Rogers,200
Mary Thomas,250
Mary Thomas,500
Mary Thomas,200
Mary Thomas,100
Mary Thomas,500
Angela Walker,500
Angela Walker,200
Angela Walker,200
Paul Reed,200
Paul Reed,120
Paul Reed,500
Paul Reed,120
Ashley Rogers,200
Ashley Rogers,300
Ashley Rogers,300
Steven Smith,150
Emily Johnson,100
Emily Johnson,150
Emily Johnson,50
Emily Johnson,150
Emily Johnson,120
Linda Lewis,150
Amy Perez,500
Amy Perez,100
Amy Perez,80
Amy Perez,50
Amy Perez,300
Anthony Anderson,150
Anthony Anderson,200
Cynthia Turner,120
Cynthia Turner,150
Ruth Clark,250
Dorothy Jackson,200
Patricia Adams,80
Patricia Adams,150
Patricia Adams,50
Patricia Adams,250
Patricia Adams,80
Gary Brown,200
Gary Brown,250
Gary Brown,250
Angela Davis,50
Angela Davis,250
Michael Clark,50
Michael Clark,200
Michael Clark,500
Michael Clark,100
Michael Clark,200
Betty Stewart,100
Betty Stewart,50
Jeffrey Phillips,500
Jeffrey Phillips,80
Jeffrey Phillips,120
Jeffrey Phillips,250
Jeffrey Phillips,150
Carol Young,100
Carol Young,200
Dorothy Rogers,500
Steven Thompson,250
Betty Wright,100
Betty Wright,300
Ashley Moore,250
Ashley Moore,120
Ashley Moore,500
Ashley Moore,500
Elizabeth Lee,150
Gary Wright,80
Gary Wright,80
Gary Wright,250
Andrew Hall,120
Andrew Hall,200
Andrew Hall,200
Emily Evans,150
Mary Walker,300
Mary Walker,100
Mary Walker,300
Mary Walker,50
Mary Walker,120
Jennifer Collins,100
Jennifer Collins,80
Jennifer Collins,80
Jason Brown,100
Jason Brown,150
James Robinson,150
Joshua Baker,200
Linda Rogers,120
Linda Rogers,120
Linda Rogers,500
Linda Rogers,500
Linda Rogers,150
Ashley Baker,100
Ashley Baker,50
Ashley Baker,250
Ashley Baker,500
Ashley Baker,50
Susan Taylor,150
Jennifer Stewart,150
Jennifer Stewart,50
Jennifer Stewart,300
Jennifer Stewart,50
Jennifer Stewart,80
Jessica Edwards,80
Jessica Edwards,50
Jessica Edwards,150
Donald Nelson,200
Sandra Garcia,120
Sandra Garcia,500
Kenneth Perez,50
Elizabeth Carter,200
Elizabeth Carter,300
Elizabeth Carter,250
Jason Taylor,200
George Walker,150
George Walker,120
George Walker,500
Jessica Brown,250
Jessica Brown,50
Jessica Brown,500
Brian Wilson,250
Margaret Collins,120
Margaret Collins,250
Margaret Collins,120
Margaret Collins,100
Margaret Collins,250
Matthew Scott,100
Matthew Scott,120
Matthew Scott,100
Matthew Scott,500
Matthew Scott,120
Sarah Wilson,500
Sarah Wilson,100
Sarah Wilson,250
Amy Cook,100
Amy Cook,200
Sandra Morris,100
Daniel Anderson,200
Joshua Rogers,100
Joshua Rogers,120
Joshua Rogers,80
Thomas Thomas,150
Donna Martin,120
Donna Martin,120
Donna Martin,50
Donna Martin,200
Donna Martin,80
Timothy Cook,100
Timothy Cook,500
Timothy Cook,300
Timothy Cook,200
Patricia Allen,300
Patricia Allen,100
Patricia Allen,100
Patricia Allen,120
Barbara Williams,50
Barbara Williams,150
Barbara Williams,250
Barbara Williams,120
Jason Edwards,120
Jason Edwards,80
Patricia Scott,300
Patricia Scott,200
Patricia Scott,300
Patricia Scott,120
Patricia Scott,250
Steven Cook,250
Steven Campbell,500
Steven Campbell,500
Steven Campbell,50
Steven Campbell,500
Steven Campbell,80
Joshua Green,120
Steven Rogers,500
Jeffrey Parker,120
Steven Clark,300
Steven Clark,100
Steven Clark,250
Sarah Campbell,500
Deborah Anderson,300
Deborah Anderson,80
Deborah Anderson,500
Deborah Anderson,80
Patricia Cook,500
Patricia Cook,100
Patricia Cook,250
Patricia Cook,250
Patricia Cook,200
Cynthia Green,150
Daniel Stewart,80
Daniel Stewart,80
